date,id,jansi_type,jansi_english_name,jansi_gujarati_name,arrival,lowrate,highrate
02/01/2026,107337,grain,Cotton B.T.,કપાસ બી.ટી.,2600,1310,1567
02/01/2026,107338,grain,Wheat Lokvan,ઘઉં લોકવન,80,505,530
02/01/2026,107339,grain,Wheat Tukda,ઘઉં ટુકડા,700,510,606
02/01/2026,107340,grain,Bajri,બાજરી,34,300,400
02/01/2026,107341,grain,Tuver,તુવેર,220,930,1600
02/01/2026,107342,grain,Gram Yellow,ચણા પીળા,540,950,1190
02/01/2026,107343,grain,Gram White,ચણા સફેદ,460,1130,1870
02/01/2026,107344,grain,Urad,અડદ,300,850,1570
02/01/2026,107345,grain,Mung,મગ,600,1050,2072
02/01/2026,107346,grain,Val Deshi,વાલ દેશી,30,799,1012
02/01/2026,107347,grain,Choli,ચોળી,125,1050,1450
02/01/2026,107348,grain,Math,મઠ,0,1155,1975
02/01/2026,107349,grain,Peas,વટાણા,30,450,1450
02/01/2026,107350,grain,Rajma,રાજમા,60,300,1400
02/01/2026,107351,grain,Groundnut Big,મગફળી જાડી,0,1050,1380
02/01/2026,107352,grain,Groundnut Small,મગફળી જીણી,0,1100,1425
02/01/2026,107353,grain,Seasmum,તલી ,600,1715,2260
02/01/2026,107354,grain,Castor seed,એરંડા,540,1051,1254
02/01/2026,107355,grain,Thymol,અજમો,1,1645,1645
02/01/2026,107356,grain,Soyabin,સોયાબીન,1400,851,940
02/01/2026,107357,grain,Groundnut-Fada,સીંગફાડા,1500,900,1540
02/01/2026,107358,grain,Sesmum-Black,કાળા તલ ,140,3370,4950
02/01/2026,107359,grain,Garlic,લસણ,1120,1230,1825
02/01/2026,107360,grain,Corriander,ધાણા,200,1511,1960
02/01/2026,107361,grain,Chillies,મરચા સુકા ,7,1840,4300
02/01/2026,107362,grain,Dhani,ધાણી,50,1455,1975
02/01/2026,107363,grain,Variyali,વરીયાળી,30,1200,1500
02/01/2026,107364,grain,Cummin,જીરૂ,1720,3811,4136
02/01/2026,107365,grain,Mustard,રાય,40,1370,1750
02/01/2026,107366,grain,Fenugreek,મેથી,160,810,1351
02/01/2026,107367,grain,Isabgul,ઇસબગુલ,2,1000,2021
02/01/2026,107368,grain,Mustard seed,રાયડો,100,1070,1250
02/01/2026,107369,grain,Guvar Bee,ગુવારનું બી,100,1010,1125
03/01/2026,107406,grain,Cotton B.T.,કપાસ બી.ટી.,2500,1305,1570
03/01/2026,107407,grain,Wheat Lokvan,ઘઉં લોકવન,80,508,539
03/01/2026,107408,grain,Wheat Tukda,ઘઉં ટુકડા,980,510,601
03/01/2026,107409,grain,Bajri,બાજરી,10,321,363
03/01/2026,107410,grain,Maize,મકાઇ,150,280,360
03/01/2026,107411,grain,Tuver,તુવેર,280,950,1500
03/01/2026,107412,grain,Gram Yellow,ચણા પીળા,440,950,1145
03/01/2026,107413,grain,Gram White,ચણા સફેદ,360,1150,1980
03/01/2026,107414,grain,Urad,અડદ,300,870,1450
03/01/2026,107415,grain,Mung,મગ,700,1000,2050
03/01/2026,107416,grain,Val Deshi,વાલ દેશી,40,740,1070
03/01/2026,107417,grain,Choli,ચોળી,520,500,1075
03/01/2026,107418,grain,Math,મઠ,500,1150,1870
03/01/2026,107419,grain,Peas,વટાણા,16,300,1400
03/01/2026,107420,grain,Groundnut Big,મગફળી જાડી,0,1070,1360
03/01/2026,107421,grain,Groundnut Small,મગફળી જીણી,0,1120,1440
03/01/2026,107422,grain,Seasmum,તલી ,600,1715,2244
03/01/2026,107423,grain,Castor seed,એરંડા,290,1060,1261
03/01/2026,107424,grain,Thymol,અજમો,2,845,2300
03/01/2026,107425,grain,Dil Seed,સુવા,4,1471,1855
03/01/2026,107426,grain,Soyabin,સોયાબીન,800,881,946
03/01/2026,107427,grain,Groundnut-Fada,સીંગફાડા,1300,912,1517
03/01/2026,107428,grain,Sesmum-Black,કાળા તલ ,130,3500,4990
03/01/2026,107429,grain,Garlic,લસણ,900,1200,1800
03/01/2026,107430,grain,Corriander,ધાણા,160,1250,1970
03/01/2026,107431,grain,Chillies,મરચા સુકા ,140,1730,4360
03/01/2026,107432,grain,Dhani,ધાણી,70,1300,1990
03/01/2026,107433,grain,Variyali,વરીયાળી,80,1200,1600
03/01/2026,107434,grain,Cummin,જીરૂ,900,3751,4290
03/01/2026,107435,grain,Mustard,રાય,40,1640,1858
03/01/2026,107436,grain,Fenugreek,મેથી,100,780,1230
03/01/2026,107437,grain,Isabgul,ઇસબગુલ,20,1500,2300
03/01/2026,107438,grain,kalonji,કલોંજી,25,4100,4750
03/01/2026,107439,grain,Mustard seed,રાયડો,20,1000,1240
03/01/2026,107440,grain,Rajkoo Bee,રજકાનું બી ,1,5900,5900
03/01/2026,107441,grain,Guvar Bee,ગુવારનું બી,100,1000,1110
05/01/2026,107478,grain,Cotton B.T.,કપાસ બી.ટી.,3200,1350,1580
05/01/2026,107479,grain,Wheat Lokvan,ઘઉં લોકવન,60,503,540
05/01/2026,107480,grain,Wheat Tukda,ઘઉં ટુકડા,1360,506,592
05/01/2026,107481,grain,Jowar White,જુવાર સફેદ,80,870,1000
05/01/2026,107482,grain,Jowar Red,જુવાર લાલ,2,950,1010
05/01/2026,107483,grain,Bajri,બાજરી,100,325,401
05/01/2026,107484,grain,Maize,મકાઇ,5,280,380
05/01/2026,107485,grain,Tuver,તુવેર,320,960,1476
05/01/2026,107486,grain,Gram Yellow,ચણા પીળા,640,925,1125
05/01/2026,107487,grain,Gram White,ચણા સફેદ,600,1125,2007
05/01/2026,107488,grain,Urad,અડદ,340,860,1520
05/01/2026,107489,grain,Mung,મગ,600,1100,1950
05/01/2026,107490,grain,Val Deshi,વાલ દેશી,120,900,1450
05/01/2026,107491,grain,Choli,ચોળી,180,500,1650
05/01/2026,107492,grain,Math,મઠ,600,1140,1860
05/01/2026,107493,grain,Peas,વટાણા,40,500,1460
05/01/2026,107494,grain,Kulthi,કળથી,45,350,450
05/01/2026,107495,grain,Rajma,રાજમા,36,450,1500
05/01/2026,107496,grain,Groundnut Big,મગફળી જાડી,0,1080,1350
05/01/2026,107497,grain,Groundnut Small,મગફળી જીણી,0,1100,1430
05/01/2026,107498,grain,Seasmum,તલી ,900,1500,2121
05/01/2026,107499,grain,Castor seed,એરંડા,420,1050,1265
05/01/2026,107500,grain,Thymol,અજમો,3,1360,2000
05/01/2026,107501,grain,Dil Seed,સુવા,16,1310,1915
05/01/2026,107502,grain,Soyabin,સોયાબીન,1000,882,961
05/01/2026,107503,grain,Groundnut-Fada,સીંગફાડા,1800,1000,1607
05/01/2026,107504,grain,Sesmum-Black,કાળા તલ ,140,3400,4800
05/01/2026,107505,grain,Garlic,લસણ,500,1150,1750
05/01/2026,107506,grain,Corriander,ધાણા,85,1400,1920
05/01/2026,107507,grain,Chillies,મરચા સુકા ,180,1600,4400
05/01/2026,107508,grain,Dhani,ધાણી,82,1380,1960
05/01/2026,107509,grain,Variyali,વરીયાળી,15,1212,1761
05/01/2026,107510,grain,Cummin,જીરૂ,940,3801,4230
05/01/2026,107511,grain,Mustard,રાય,20,1230,1850
05/01/2026,107512,grain,Fenugreek,મેથી,300,1000,1470
05/01/2026,107513,grain,Isabgul,ઇસબગુલ,13,1500,2475
05/01/2026,107514,grain,Mustard seed,રાયડો,6,985,1230
05/01/2026,107515,grain,Rajkoo Bee,રજકાનું બી ,4,5000,9000
05/01/2026,107516,grain,Guvar Bee,ગુવારનું બી,30,1000,1135
06/01/2026,107553,grain,Cotton B.T.,કપાસ બી.ટી.,1700,1330,1575
06/01/2026,107554,grain,Wheat Lokvan,ઘઉં લોકવન,160,502,533
06/01/2026,107555,grain,Wheat Tukda,ઘઉં ટુકડા,1040,504,650
06/01/2026,107556,grain,Jowar White,જુવાર સફેદ,121,890,1015
06/01/2026,107557,grain,Jowar Red,જુવાર લાલ,9,800,1038
06/01/2026,107558,grain,Jowar Yellow,જુવાર પીળી ,35,240,500
06/01/2026,107559,grain,Bajri,બાજરી,16,350,430
06/01/2026,107560,grain,Tuver,તુવેર,270,970,1500
06/01/2026,107561,grain,Gram Yellow,ચણા પીળા,520,950,1123
06/01/2026,107562,grain,Gram White,ચણા સફેદ,620,1160,1970
06/01/2026,107563,grain,Urad,અડદ,380,870,1530
06/01/2026,107564,grain,Mung,મગ,680,1000,2000
06/01/2026,107565,grain,Val Deshi,વાલ દેશી,8,850,1035
06/01/2026,107566,grain,Choli,ચોળી,170,400,1590
06/01/2026,107567,grain,Math,મઠ,320,1050,1951
06/01/2026,107568,grain,Peas,વટાણા,80,400,1300
06/01/2026,107569,grain,Kulthi,કળથી,30,325,425
06/01/2026,107570,grain,Rajma,રાજમા,110,500,1622
06/01/2026,107571,grain,Groundnut Big,મગફળી જાડી,17000,1080,1355
06/01/2026,107572,grain,Groundnut Small,મગફળી જીણી,14000,1115,1425
06/01/2026,107573,grain,Linseed,અળશી,5,1700,1700
06/01/2026,107574,grain,Seasmum,તલી ,680,1700,2185
06/01/2026,107575,grain,Castor seed,એરંડા,280,1031,1254
06/01/2026,107576,grain,Thymol,અજમો,45,1000,1900
06/01/2026,107577,grain,Soyabin,સોયાબીન,900,885,990
06/01/2026,107578,grain,Groundnut-Fada,સીંગફાડા,1000,915,1608
06/01/2026,107579,grain,Sesmum-Black,કાળા તલ ,120,3220,5050
06/01/2026,107580,grain,Garlic,લસણ,800,1140,1615
06/01/2026,107581,grain,Corriander,ધાણા,120,1320,1951
06/01/2026,107582,grain,Chillies,મરચા સુકા ,103,1500,4400
06/01/2026,107583,grain,Dhani,ધાણી,100,1600,1975
06/01/2026,107584,grain,Variyali,વરીયાળી,20,1225,1710
06/01/2026,107585,grain,Cummin,જીરૂ,540,3811,4280
06/01/2026,107586,grain,Mustard,રાય,60,1550,1950
06/01/2026,107587,grain,Fenugreek,મેથી,280,995,1375
06/01/2026,107588,grain,Isabgul,ઇસબગુલ,30,1600,2240
06/01/2026,107589,grain,Mustard seed,રાયડો,40,1050,1250
06/01/2026,107590,grain,Rajkoo Bee,રજકાનું બી ,2,4700,7200
06/01/2026,107591,grain,Guvar Bee,ગુવારનું બી,150,1020,1140
07/01/2026,107628,grain,Cotton B.T.,કપાસ બી.ટી.,2800,1330,1568
07/01/2026,107629,grain,Wheat Lokvan,ઘઉં લોકવન,120,500,532
07/01/2026,107630,grain,Wheat Tukda,ઘઉં ટુકડા,1200,507,600
07/01/2026,107631,grain,Jowar White,જુવાર સફેદ,160,860,990
07/01/2026,107632,grain,Jowar Red,જુવાર લાલ,12,811,1010
07/01/2026,107633,grain,Jowar Yellow,જુવાર પીળી ,50,280,480
07/01/2026,107634,grain,Bajri,બાજરી,10,200,386
07/01/2026,107635,grain,Tuver,તુવેર,350,980,1516
07/01/2026,107636,grain,Gram Yellow,ચણા પીળા,540,960,1107
07/01/2026,107637,grain,Gram White,ચણા સફેદ,640,1160,1920
07/01/2026,107638,grain,Urad,અડદ,480,875,1520
07/01/2026,107639,grain,Mung,મગ,600,1050,1890
07/01/2026,107640,grain,Val Deshi,વાલ દેશી,110,855,1111
07/01/2026,107641,grain,Choli,ચોળી,50,400,1255
07/01/2026,107642,grain,Math,મઠ,520,1030,1970
07/01/2026,107643,grain,Peas,વટાણા,120,400,1400
07/01/2026,107644,grain,Kulthi,કળથી,35,375,450
07/01/2026,107645,grain,Rajma,રાજમા,120,600,1551
07/01/2026,107646,grain,Groundnut Big,મગફળી જાડી,0,1035,1430
07/01/2026,107647,grain,Groundnut Small,મગફળી જીણી,0,1011,1435
07/01/2026,107648,grain,Seasmum,તલી ,720,1685,2165
07/01/2026,107649,grain,Castor seed,એરંડા,250,1025,1237
07/01/2026,107650,grain,Thymol,અજમો,20,800,2101
07/01/2026,107651,grain,Soyabin,સોયાબીન,920,880,970
07/01/2026,107652,grain,Groundnut-Fada,સીંગફાડા,1100,980,1525
07/01/2026,107653,grain,Sesmum-Black,કાળા તલ ,220,3344,5301
07/01/2026,107654,grain,Garlic,લસણ,640,1050,1550
07/01/2026,107655,grain,Corriander,ધાણા,140,1150,1927
07/01/2026,107656,grain,Chillies,મરચા સુકા ,146,1500,4200
07/01/2026,107657,grain,Dhani,ધાણી,90,1200,1906
07/01/2026,107658,grain,Variyali,વરીયાળી,65,1400,1700
07/01/2026,107659,grain,Cummin,જીરૂ,720,3775,4250
07/01/2026,107660,grain,Mustard,રાય,80,1750,1950
07/01/2026,107661,grain,Fenugreek,મેથી,200,800,1320
07/01/2026,107662,grain,Isabgul,ઇસબગુલ,30,1600,2240
07/01/2026,107663,grain,Asario,અશેરીયો,25,1075,1150
07/01/2026,107664,grain,kalonji,કલોંજી,5,4000,4730
07/01/2026,107665,grain,Mustard seed,રાયડો,20,1100,1240
07/01/2026,107666,grain,Rajkoo Bee,રજકાનું બી ,2,6700,7600
07/01/2026,107667,grain,Guvar Bee,ગુવારનું બી,20,1000,1060
08/01/2026,107704,grain,Cotton B.T.,કપાસ બી.ટી.,2500,1350,1575
08/01/2026,107705,grain,Wheat Lokvan,ઘઉં લોકવન,160,500,534
08/01/2026,107706,grain,Wheat Tukda,ઘઉં ટુકડા,1040,503,601
08/01/2026,107707,grain,Jowar White,જુવાર સફેદ,60,741,1018
08/01/2026,107708,grain,Jowar Yellow,જુવાર પીળી ,4,415,470
08/01/2026,107709,grain,Bajri,બાજરી,18,320,380
08/01/2026,107710,grain,Tuver,તુવેર,200,960,1505
08/01/2026,107711,grain,Gram Yellow,ચણા પીળા,540,960,1123
08/01/2026,107712,grain,Gram White,ચણા સફેદ,740,1190,1960
08/01/2026,107713,grain,Urad,અડદ,400,880,1530
08/01/2026,107714,grain,Mung,મગ,580,1100,2000
08/01/2026,107715,grain,Val Deshi,વાલ દેશી,32,600,995
08/01/2026,107716,grain,Choli,ચોળી,500,900,1525
08/01/2026,107717,grain,Math,મઠ,340,1100,2004
08/01/2026,107718,grain,Peas,વટાણા,30,550,1370
08/01/2026,107719,grain,Kulthi,કળથી,45,351,405
08/01/2026,107720,grain,Rajma,રાજમા,90,350,1575
08/01/2026,107721,grain,Groundnut Big,મગફળી જાડી,0,1180,1450
08/01/2026,107722,grain,Groundnut Small,મગફળી જીણી,0,1140,1410
08/01/2026,107723,grain,Seasmum,તલી ,460,1700,2200
08/01/2026,107724,grain,Castor seed,એરંડા,330,1011,1252
08/01/2026,107725,grain,Thymol,અજમો,16,1050,1900
08/01/2026,107726,grain,Dil Seed,સુવા,22,1666,1799
08/01/2026,107727,grain,Soyabin,સોયાબીન,900,861,977
08/01/2026,107728,grain,Groundnut-Fada,સીંગફાડા,1000,958,1535
08/01/2026,107729,grain,Sesmum-Black,કાળા તલ ,200,3000,4949
08/01/2026,107730,grain,Garlic,લસણ,440,1060,1525
08/01/2026,107731,grain,Corriander,ધાણા,120,1000,1871
08/01/2026,107732,grain,Chillies,મરચા સુકા ,140,1700,4130
08/01/2026,107733,grain,Dhani,ધાણી,50,1300,2020
08/01/2026,107734,grain,Variyali,વરીયાળી,100,1350,1900
08/01/2026,107735,grain,Cummin,જીરૂ,620,3500,4115
08/01/2026,107736,grain,Mustard,રાય,100,1550,1840
08/01/2026,107737,grain,Fenugreek,મેથી,500,800,1340
08/01/2026,107738,grain,Isabgul,ઇસબગુલ,5,1300,1851
08/01/2026,107739,grain,Asario,અશેરીયો,55,1115,1150
08/01/2026,107740,grain,kalonji,કલોંજી,3,4000,4650
08/01/2026,107741,grain,Mustard seed,રાયડો,80,1020,1270
08/01/2026,107742,grain,Guvar Bee,ગુવારનું બી,80,1050,1090
09/01/2026,107779,grain,Cotton B.T.,કપાસ બી.ટી.,2600,1400,1590
09/01/2026,107780,grain,Wheat Lokvan,ઘઉં લોકવન,100,500,540
09/01/2026,107781,grain,Wheat Tukda,ઘઉં ટુકડા,800,504,555
09/01/2026,107782,grain,Jowar White,જુવાર સફેદ,107,800,1001
09/01/2026,107783,grain,Jowar Red,જુવાર લાલ,5,820,1018
09/01/2026,107784,grain,Bajri,બાજરી,30,340,452
09/01/2026,107785,grain,Tuver,તુવેર,260,950,1550
09/01/2026,107786,grain,Gram Yellow,ચણા પીળા,340,960,1120
09/01/2026,107787,grain,Gram White,ચણા સફેદ,400,1199,1911
09/01/2026,107788,grain,Urad,અડદ,320,900,1550
09/01/2026,107789,grain,Mung,મગ,500,1120,1990
09/01/2026,107790,grain,Val Deshi,વાલ દેશી,80,651,1333
09/01/2026,107791,grain,Choli,ચોળી,400,900,1421
09/01/2026,107792,grain,Math,મઠ,300,1101,2011
09/01/2026,107793,grain,Peas,વટાણા,30,300,1500
09/01/2026,107794,grain,Kulthi,કળથી,25,351,450
09/01/2026,107795,grain,Rajma,રાજમા,120,450,1570
09/01/2026,107796,grain,Groundnut Big,મગફળી જાડી,0,1175,1380
09/01/2026,107797,grain,Groundnut Small,મગફળી જીણી,0,1140,1435
09/01/2026,107798,grain,Seasmum,તલી ,600,1710,2170
09/01/2026,107799,grain,Castor seed,એરંડા,270,1001,1255
09/01/2026,107800,grain,Dil Seed,સુવા,10,1255,1704
09/01/2026,107801,grain,Soyabin,સોયાબીન,860,850,970
09/01/2026,107802,grain,Groundnut-Fada,સીંગફાડા,800,955,1530
09/01/2026,107803,grain,Sesmum-Black,કાળા તલ ,200,3390,4870
09/01/2026,107804,grain,Garlic,લસણ,520,1050,1535
09/01/2026,107805,grain,Corriander,ધાણા,40,1120,1890
09/01/2026,107806,grain,Chillies,મરચા સુકા ,60,1500,4800
09/01/2026,107807,grain,Dhani,ધાણી,20,1480,1900
09/01/2026,107808,grain,Variyali,વરીયાળી,12,1200,1550
09/01/2026,107809,grain,Cummin,જીરૂ,440,3511,4150
09/01/2026,107810,grain,Mustard,રાય,100,1450,1800
09/01/2026,107811,grain,Fenugreek,મેથી,300,820,1285
09/01/2026,107812,grain,Isabgul,ઇસબગુલ,40,1450,2361
09/01/2026,107813,grain,kalonji,કલોંજી,4,3500,4440
09/01/2026,107814,grain,Mustard seed,રાયડો,50,1050,1250
09/01/2026,107815,grain,Rajkoo Bee,રજકાનું બી ,60,6550,8015
09/01/2026,107816,grain,Guvar Bee,ગુવારનું બી,80,1000,1040
10/01/2026,107853,grain,Cotton B.T.,કપાસ બી.ટી.,1600,1405,1600
10/01/2026,107854,grain,Wheat Lokvan,ઘઉં લોકવન,60,500,525
10/01/2026,107855,grain,Wheat Tukda,ઘઉં ટુકડા,740,505,572
10/01/2026,107856,grain,Jowar White,જુવાર સફેદ,58,860,1018
10/01/2026,107857,grain,Jowar Yellow,જુવાર પીળી ,6,325,460
10/01/2026,107858,grain,Bajri,બાજરી,47,328,400
10/01/2026,107859,grain,Tuver,તુવેર,280,950,1466
10/01/2026,107860,grain,Gram Yellow,ચણા પીળા,360,950,1121
10/01/2026,107861,grain,Gram White,ચણા સફેદ,440,1211,2052
10/01/2026,107862,grain,Urad,અડદ,300,890,1555
10/01/2026,107863,grain,Mung,મગ,400,1150,1876
10/01/2026,107864,grain,Val Deshi,વાલ દેશી,60,695,1140
10/01/2026,107865,grain,Choli,ચોળી,100,900,1300
10/01/2026,107866,grain,Math,મઠ,800,1040,2038
10/01/2026,107867,grain,Peas,વટાણા,40,450,1386
10/01/2026,107868,grain,Kulthi,કળથી,20,351,423
10/01/2026,107869,grain,Rajma,રાજમા,60,350,1400
10/01/2026,107870,grain,Seasmum,તલી ,680,1700,2200
10/01/2026,107871,grain,Castor seed,એરંડા,300,1100,1260
10/01/2026,107872,grain,Thymol,અજમો,12,800,1738
10/01/2026,107873,grain,Dil Seed,સુવા,1,1750,1750
10/01/2026,107874,grain,Soyabin,સોયાબીન,780,851,974
10/01/2026,107875,grain,Sesmum-Black,કાળા તલ ,220,3300,4780
10/01/2026,107876,grain,Garlic,લસણ,900,1070,1550
10/01/2026,107877,grain,Corriander,ધાણા,60,1420,1980
10/01/2026,107878,grain,Chillies,મરચા સુકા ,80,2600,4400
10/01/2026,107879,grain,Dhani,ધાણી,60,1450,2000
10/01/2026,107880,grain,Variyali,વરીયાળી,50,1230,2000
10/01/2026,107881,grain,Cummin,જીરૂ,420,3800,4190
10/01/2026,107882,grain,Mustard,રાય,80,1600,1775
10/01/2026,107883,grain,Fenugreek,મેથી,260,750,1300
10/01/2026,107884,grain,Isabgul,ઇસબગુલ,45,1600,2440
10/01/2026,107885,grain,kalonji,કલોંજી,14,4230,4720
10/01/2026,107886,grain,Mustard seed,રાયડો,60,1050,1260
12/01/2026,107923,grain,Cotton B.T.,કપાસ બી.ટી.,840,1400,1625
12/01/2026,107924,grain,Wheat Lokvan,ઘઉં લોકવન,100,500,525
12/01/2026,107925,grain,Wheat Tukda,ઘઉં ટુકડા,150,510,543
12/01/2026,107926,grain,Jowar White,જુવાર સફેદ,860,850,1015
12/01/2026,107927,grain,Tuver,તુવેર,300,930,1480
12/01/2026,107928,grain,Gram Yellow,ચણા પીળા,140,930,1095
12/01/2026,107929,grain,Gram White,ચણા સફેદ,400,1170,1941
12/01/2026,107930,grain,Urad,અડદ,200,880,1520
12/01/2026,107931,grain,Mung,મગ,300,1025,1850
12/01/2026,107932,grain,Val Deshi,વાલ દેશી,72,600,1100
12/01/2026,107933,grain,Choli,ચોળી,190,800,1630
12/01/2026,107934,grain,Math,મઠ,160,1000,2111
12/01/2026,107935,grain,Peas,વટાણા,12,301,1234
12/01/2026,107936,grain,Kulthi,કળથી,15,350,504
12/01/2026,107937,grain,Rajma,રાજમા,10,555,1590
12/01/2026,107938,grain,Seasmum,તલી ,400,1550,2001
12/01/2026,107939,grain,Castor seed,એરંડા,270,1051,1259
12/01/2026,107940,grain,Soyabin,સોયાબીન,220,881,969
12/01/2026,107941,grain,Sesmum-Black,કાળા તલ ,120,3420,5025
12/01/2026,107942,grain,Garlic,લસણ,340,1050,1500
12/01/2026,107943,grain,Corriander,ધાણા,24,1220,1895
12/01/2026,107944,grain,Chillies,મરચા સુકા ,110,2700,4350
12/01/2026,107945,grain,Dhani,ધાણી,20,1380,1940
12/01/2026,107946,grain,Variyali,વરીયાળી,2,1200,1440
12/01/2026,107947,grain,Cummin,જીરૂ,280,3811,4200
12/01/2026,107948,grain,Mustard,રાય,20,800,1700
12/01/2026,107949,grain,Fenugreek,મેથી,100,1000,1334
12/01/2026,107950,grain,Asario,અશેરીયો,20,1165,1165
12/01/2026,107951,grain,Mustard seed,રાયડો,25,700,700
12/01/2026,107952,grain,Guvar Bee,ગુવારનું બી,50,1000,1075
13/01/2026,107989,grain,Cotton B.T.,કપાસ બી.ટી.,1600,1410,1624
13/01/2026,107990,grain,Wheat Lokvan,ઘઉં લોકવન,70,505,535
13/01/2026,107991,grain,Wheat Tukda,ઘઉં ટુકડા,640,510,561
13/01/2026,107992,grain,Jowar White,જુવાર સફેદ,65,800,1036
13/01/2026,107993,grain,Bajri,બાજરી,25,300,421
13/01/2026,107994,grain,Tuver,તુવેર,380,920,1500
13/01/2026,107995,grain,Gram Yellow,ચણા પીળા,300,940,1120
13/01/2026,107996,grain,Gram White,ચણા સફેદ,220,1170,2025
13/01/2026,107997,grain,Urad,અડદ,200,860,1420
13/01/2026,107998,grain,Mung,મગ,260,1100,1955
13/01/2026,107999,grain,Val Deshi,વાલ દેશી,13,700,1096
13/01/2026,108000,grain,Choli,ચોળી,85,800,1300
13/01/2026,108001,grain,Math,મઠ,360,1120,2121
13/01/2026,108002,grain,Peas,વટાણા,30,299,1200
13/01/2026,108003,grain,Kulthi,કળથી,35,325,411
13/01/2026,108004,grain,Rajma,રાજમા,60,600,1401
13/01/2026,108005,grain,Groundnut Big,મગફળી જાડી,8400,1040,1387
13/01/2026,108006,grain,Groundnut Small,મગફળી જીણી,7200,1110,1430
13/01/2026,108007,grain,Seasmum,તલી ,260,1567,2025
13/01/2026,108008,grain,Castor seed,એરંડા,300,1150,1262
13/01/2026,108009,grain,Thymol,અજમો,10,1770,2550
13/01/2026,108010,grain,Soyabin,સોયાબીન,400,870,972
13/01/2026,108011,grain,Groundnut-Fada,સીંગફાડા,1460,960,1550
13/01/2026,108012,grain,Sesmum-Black,કાળા તલ ,200,3320,5000
13/01/2026,108013,grain,Garlic,લસણ,440,1100,1550
13/01/2026,108014,grain,Corriander,ધાણા,120,1000,1865
13/01/2026,108015,grain,Chillies,મરચા સુકા ,125,2360,4720
13/01/2026,108016,grain,Dhani,ધાણી,60,1150,1948
13/01/2026,108017,grain,Variyali,વરીયાળી,9,1300,1600
13/01/2026,108018,grain,Cummin,જીરૂ,540,3800,4300
13/01/2026,108019,grain,Mustard,રાય,40,1550,1735
13/01/2026,108020,grain,Fenugreek,મેથી,140,750,1331
13/01/2026,108021,grain,kalonji,કલોંજી,10,3700,4300
13/01/2026,108022,grain,Mustard seed,રાયડો,20,1100,1225
13/01/2026,108023,grain,Rajkoo Bee,રજકાનું બી ,4,7000,8400
13/01/2026,108024,grain,Guvar Bee,ગુવારનું બી,12,1000,1060
15/01/2026,108061,grain,Cotton B.T.,કપાસ બી.ટી.,1500,1460,1620
15/01/2026,108062,grain,Wheat Lokvan,ઘઉં લોકવન,60,500,527
15/01/2026,108063,grain,Wheat Tukda,ઘઉં ટુકડા,260,515,564
15/01/2026,108064,grain,Jowar White,જુવાર સફેદ,50,931,1035
15/01/2026,108065,grain,Tuver,તુવેર,290,920,1560
15/01/2026,108066,grain,Gram Yellow,ચણા પીળા,220,945,1115
15/01/2026,108067,grain,Gram White,ચણા સફેદ,250,1175,1910
15/01/2026,108068,grain,Urad,અડદ,200,860,1520
15/01/2026,108069,grain,Mung,મગ,260,1000,1603
15/01/2026,108070,grain,Val Deshi,વાલ દેશી,36,800,1100
15/01/2026,108071,grain,Choli,ચોળી,90,800,1090
15/01/2026,108072,grain,Math,મઠ,700,1115,1990
15/01/2026,108073,grain,Peas,વટાણા,20,400,1065
15/01/2026,108074,grain,Rajma,રાજમા,40,600,1370
15/01/2026,108075,grain,Groundnut Big,મગફળી જાડી,0,1080,1390
15/01/2026,108076,grain,Groundnut Small,મગફળી જીણી,0,1120,1410
15/01/2026,108077,grain,Seasmum,તલી ,200,1600,2056
15/01/2026,108078,grain,Castor seed,એરંડા,200,1125,1240
15/01/2026,108079,grain,Thymol,અજમો,20,888,2505
15/01/2026,108080,grain,Dil Seed,સુવા,1,1000,1400
15/01/2026,108081,grain,Soyabin,સોયાબીન,300,880,995
15/01/2026,108082,grain,Groundnut-Fada,સીંગફાડા,600,980,1554
15/01/2026,108083,grain,Sesmum-Black,કાળા તલ ,300,3300,4891
15/01/2026,108084,grain,Garlic,લસણ,500,1090,1505
15/01/2026,108085,grain,Corriander,ધાણા,10,1000,1805
15/01/2026,108086,grain,Chillies,મરચા સુકા ,140,2500,4950
15/01/2026,108087,grain,Dhani,ધાણી,2,1420,1930
15/01/2026,108088,grain,Variyali,વરીયાળી,18,1200,1595
15/01/2026,108089,grain,Cummin,જીરૂ,480,3811,4350
15/01/2026,108090,grain,Mustard,રાય,60,1100,1700
15/01/2026,108091,grain,Fenugreek,મેથી,150,850,1310
15/01/2026,108092,grain,Isabgul,ઇસબગુલ,30,1100,2160
15/01/2026,108093,grain,Mustard seed,રાયડો,40,1050,1225
15/01/2026,108094,grain,Rajkoo Bee,રજકાનું બી ,2,5100,8175
15/01/2026,108095,grain,Guvar Bee,ગુવારનું બી,30,1000,1065
16/01/2026,108132,grain,Cotton B.T.,કપાસ બી.ટી.,2400,1470,1610
16/01/2026,108133,grain,Wheat Lokvan,ઘઉં લોકવન,200,500,527
16/01/2026,108134,grain,Wheat Tukda,ઘઉં ટુકડા,400,515,560
16/01/2026,108135,grain,Jowar White,જુવાર સફેદ,236,700,1020
16/01/2026,108136,grain,Jowar Red,જુવાર લાલ,32,1010,1156
16/01/2026,108137,grain,Bajri,બાજરી,30,345,385
16/01/2026,108138,grain,Tuver,તુવેર,560,980,1560
16/01/2026,108139,grain,Gram Yellow,ચણા પીળા,320,930,1150
16/01/2026,108140,grain,Gram White,ચણા સફેદ,340,1100,2054
16/01/2026,108141,grain,Urad,અડદ,340,950,1480
16/01/2026,108142,grain,Mung,મગ,400,1025,1918
16/01/2026,108143,grain,Val Deshi,વાલ દેશી,40,880,1111
16/01/2026,108144,grain,Choli,ચોળી,300,840,1260
16/01/2026,108145,grain,Math,મઠ,660,975,1565
16/01/2026,108146,grain,Peas,વટાણા,50,400,1416
16/01/2026,108147,grain,Rajma,રાજમા,56,701,1410
16/01/2026,108148,grain,Groundnut Big,મગફળી જાડી,0,1090,1398
16/01/2026,108149,grain,Groundnut Small,મગફળી જીણી,0,1135,1405
16/01/2026,108150,grain,Seasmum,તલી ,400,1660,2120
16/01/2026,108151,grain,Castor seed,એરંડા,240,1130,1239
16/01/2026,108152,grain,Dil Seed,સુવા,10,1555,1701
16/01/2026,108153,grain,Soyabin,સોયાબીન,700,921,998
16/01/2026,108154,grain,Groundnut-Fada,સીંગફાડા,700,990,1611
16/01/2026,108155,grain,Sesmum-Black,કાળા તલ ,300,3050,5000
16/01/2026,108156,grain,Garlic,લસણ,540,1100,1799
16/01/2026,108157,grain,Corriander,ધાણા,80,1500,1980
16/01/2026,108158,grain,Chillies,મરચા સુકા ,160,2150,4750
16/01/2026,108159,grain,Dhani,ધાણી,26,1560,2024
16/01/2026,108160,grain,Variyali,વરીયાળી,26,1200,1260
16/01/2026,108161,grain,Cummin,જીરૂ,700,3751,4310
16/01/2026,108162,grain,Mustard,રાય,25,1150,1860
16/01/2026,108163,grain,Fenugreek,મેથી,200,730,1318
16/01/2026,108164,grain,kalonji,કલોંજી,2,4200,4500
16/01/2026,108165,grain,Mustard seed,રાયડો,7,1040,1200
16/01/2026,108166,grain,Rajkoo Bee,રજકાનું બી ,14,5050,7800
16/01/2026,108167,grain,Guvar Bee,ગુવારનું બી,50,1050,1121
17/01/2026,108204,grain,Cotton B.T.,કપાસ બી.ટી.,2200,1470,1620
17/01/2026,108205,grain,Wheat Lokvan,ઘઉં લોકવન,260,500,528
17/01/2026,108206,grain,Wheat Tukda,ઘઉં ટુકડા,540,515,555
17/01/2026,108207,grain,Jowar White,જુવાર સફેદ,150,901,1030
17/01/2026,108208,grain,Jowar Yellow,જુવાર પીળી ,60,300,476
17/01/2026,108209,grain,Bajri,બાજરી,12,300,371
17/01/2026,108210,grain,Tuver,તુવેર,670,1000,1550
17/01/2026,108211,grain,Gram Yellow,ચણા પીળા,440,910,1120
17/01/2026,108212,grain,Gram White,ચણા સફેદ,560,1125,1965
17/01/2026,108213,grain,Urad,અડદ,400,1000,1541
17/01/2026,108214,grain,Mung,મગ,500,900,1921
17/01/2026,108215,grain,Val Deshi,વાલ દેશી,72,815,1105
17/01/2026,108216,grain,Choli,ચોળી,150,800,1100
17/01/2026,108217,grain,Math,મઠ,1020,991,2001
17/01/2026,108218,grain,Peas,વટાણા,46,300,1451
17/01/2026,108219,grain,Kulthi,કળથી,12,375,475
17/01/2026,108220,grain,Rajma,રાજમા,80,600,1390
17/01/2026,108221,grain,Groundnut Big,મગફળી જાડી,0,1100,1417
17/01/2026,108222,grain,Groundnut Small,મગફળી જીણી,0,1230,1420
17/01/2026,108223,grain,Seasmum,તલી ,480,1640,2100
17/01/2026,108224,grain,Castor seed,એરંડા,270,1125,1228
17/01/2026,108225,grain,Thymol,અજમો,6,2000,2700
17/01/2026,108226,grain,Soyabin,સોયાબીન,900,930,1009
17/01/2026,108227,grain,Groundnut-Fada,સીંગફાડા,1200,930,1589
17/01/2026,108228,grain,Sesmum-Black,કાળા તલ ,220,3170,4870
17/01/2026,108229,grain,Garlic,લસણ,880,1150,1850
17/01/2026,108230,grain,Corriander,ધાણા,20,1360,1890
17/01/2026,108231,grain,Chillies,મરચા સુકા ,150,2100,4730
17/01/2026,108232,grain,Dhani,ધાણી,10,1450,1915
17/01/2026,108233,grain,Variyali,વરીયાળી,4,1400,2170
17/01/2026,108234,grain,Cummin,જીરૂ,540,1770,4325
17/01/2026,108235,grain,Mustard,રાય,100,1240,1597
17/01/2026,108236,grain,Fenugreek,મેથી,250,745,1350
17/01/2026,108237,grain,Isabgul,ઇસબગુલ,5,800,2350
17/01/2026,108238,grain,kalonji,કલોંજી,12,3180,4765
17/01/2026,108239,grain,Mustard seed,રાયડો,120,1050,1270
17/01/2026,108240,grain,Rajkoo Bee,રજકાનું બી ,3,4800,8530
17/01/2026,108241,grain,Guvar Bee,ગુવારનું બી,100,1050,1111
19/01/2026,108278,grain,Cotton B.T.,કપાસ બી.ટી.,2500,1460,1610
19/01/2026,108279,grain,Wheat Lokvan,ઘઉં લોકવન,60,508,533
19/01/2026,108280,grain,Wheat Tukda,ઘઉં ટુકડા,940,507,590
19/01/2026,108281,grain,Jowar White,જુવાર સફેદ,220,900,1018
19/01/2026,108282,grain,Jowar Yellow,જુવાર પીળી ,14,350,480
19/01/2026,108283,grain,Bajri,બાજરી,30,355,388
19/01/2026,108284,grain,Maize,મકાઇ,44,340,380
19/01/2026,108285,grain,Tuver,તુવેર,1000,980,1600
19/01/2026,108286,grain,Gram Yellow,ચણા પીળા,700,920,1150
19/01/2026,108287,grain,Gram White,ચણા સફેદ,500,1120,1930
19/01/2026,108288,grain,Urad,અડદ,800,1020,1500
19/01/2026,108289,grain,Mung,મગ,540,1030,1950
19/01/2026,108290,grain,Val Deshi,વાલ દેશી,40,700,1099
19/01/2026,108291,grain,Choli,ચોળી,130,870,1333
19/01/2026,108292,grain,Math,મઠ,940,950,2000
19/01/2026,108293,grain,Peas,વટાણા,60,350,1375
19/01/2026,108294,grain,Kulthi,કળથી,30,350,405
19/01/2026,108295,grain,Rajma,રાજમા,16,300,1350
19/01/2026,108296,grain,Groundnut Big,મગફળી જાડી,15000,1200,1430
19/01/2026,108297,grain,Groundnut Small,મગફળી જીણી,10000,1220,1438
19/01/2026,108298,grain,Seasmum,તલી ,540,1650,2026
19/01/2026,108299,grain,Sunflower,સુરજમુખી,25,1062,1062
19/01/2026,108300,grain,Castor seed,એરંડા,660,1140,1234
19/01/2026,108301,grain,Thymol,અજમો,10,970,2400
19/01/2026,108302,grain,Dil Seed,સુવા,3,1460,1710
19/01/2026,108303,grain,Soyabin,સોયાબીન,800,915,1015
19/01/2026,108304,grain,Groundnut-Fada,સીંગફાડા,2500,940,1644
19/01/2026,108305,grain,Sesmum-Black,કાળા તલ ,400,3333,4900
19/01/2026,108306,grain,Garlic,લસણ,1000,1140,1740
19/01/2026,108307,grain,Corriander,ધાણા,120,1180,1956
19/01/2026,108308,grain,Chillies,મરચા સુકા ,300,2200,4400
19/01/2026,108309,grain,Dhani,ધાણી,80,1400,2060
19/01/2026,108310,grain,Variyali,વરીયાળી,14,1050,1836
19/01/2026,108311,grain,Cummin,જીરૂ,900,3811,4440
19/01/2026,108312,grain,Mustard,રાય,160,1150,1618
19/01/2026,108313,grain,Fenugreek,મેથી,300,780,1300
19/01/2026,108314,grain,Isabgul,ઇસબગુલ,2,1100,1900
19/01/2026,108315,grain,Asario,અશેરીયો,60,1025,1162
19/01/2026,108316,grain,kalonji,કલોંજી,10,2800,4685
19/01/2026,108317,grain,Mustard seed,રાયડો,120,1000,1250
19/01/2026,108318,grain,Rajkoo Bee,રજકાનું બી ,14,5100,8600
19/01/2026,108319,grain,Guvar Bee,ગુવારનું બી,100,1020,1100
20/01/2026,108356,grain,Cotton B.T.,કપાસ બી.ટી.,2000,1450,1618
20/01/2026,108357,grain,Wheat Lokvan,ઘઉં લોકવન,100,509,534
20/01/2026,108358,grain,Wheat Tukda,ઘઉં ટુકડા,1300,512,582
20/01/2026,108359,grain,Jowar White,જુવાર સફેદ,165,850,1010
20/01/2026,108360,grain,Jowar Yellow,જુવાર પીળી ,10,340,430
20/01/2026,108361,grain,Bajri,બાજરી,40,350,400
20/01/2026,108362,grain,Tuver,તુવેર,800,970,1600
20/01/2026,108363,grain,Gram Yellow,ચણા પીળા,600,930,1105
20/01/2026,108364,grain,Gram White,ચણા સફેદ,400,1125,1950
20/01/2026,108365,grain,Urad,અડદ,300,1010,1490
20/01/2026,108366,grain,Mung,મગ,400,1050,1870
20/01/2026,108367,grain,Val Deshi,વાલ દેશી,33,700,1030
20/01/2026,108368,grain,Choli,ચોળી,160,800,1175
20/01/2026,108369,grain,Math,મઠ,390,1140,2002
20/01/2026,108370,grain,Peas,વટાણા,80,400,1320
20/01/2026,108371,grain,Kulthi,કળથી,35,350,405
20/01/2026,108372,grain,Rajma,રાજમા,60,300,1470
20/01/2026,108373,grain,Groundnut Big,મગફળી જાડી,0,1210,1445
20/01/2026,108374,grain,Groundnut Small,મગફળી જીણી,0,1215,1455
20/01/2026,108375,grain,Seasmum,તલી ,340,1600,2080
20/01/2026,108376,grain,Castor seed,એરંડા,220,1158,1239
20/01/2026,108377,grain,Thymol,અજમો,20,1120,3050
20/01/2026,108378,grain,Dil Seed,સુવા,20,1005,1970
20/01/2026,108379,grain,Soyabin,સોયાબીન,740,950,1031
20/01/2026,108380,grain,Groundnut-Fada,સીંગફાડા,700,1010,1638
20/01/2026,108381,grain,Sesmum-Black,કાળા તલ ,260,3050,4800
20/01/2026,108382,grain,Garlic,લસણ,840,1125,1800
20/01/2026,108383,grain,Corriander,ધાણા,110,1320,1950
20/01/2026,108384,grain,Chillies,મરચા સુકા ,140,2600,4900
20/01/2026,108385,grain,Dhani,ધાણી,70,1620,2090
20/01/2026,108386,grain,Variyali,વરીયાળી,30,1300,1615
20/01/2026,108387,grain,Cummin,જીરૂ,1200,4000,4525
20/01/2026,108388,grain,Mustard,રાય,200,1130,1721
20/01/2026,108389,grain,Fenugreek,મેથી,300,700,1285
20/01/2026,108390,grain,Isabgul,ઇસબગુલ,26,701,2430
20/01/2026,108391,grain,Asario,અશેરીયો,9,1032,1140
20/01/2026,108392,grain,Mustard seed,રાયડો,120,1000,1218
20/01/2026,108393,grain,Rajkoo Bee,રજકાનું બી ,8,5250,5800
20/01/2026,108394,grain,Guvar Bee,ગુવારનું બી,25,1000,1095
21/01/2026,108431,grain,Cotton B.T.,કપાસ બી.ટી.,2100,1430,1610
21/01/2026,108432,grain,Wheat Lokvan,ઘઉં લોકવન,100,509,535
21/01/2026,108433,grain,Wheat Tukda,ઘઉં ટુકડા,1000,513,585
21/01/2026,108434,grain,Jowar White,જુવાર સફેદ,200,878,1036
21/01/2026,108435,grain,Jowar Red,જુવાર લાલ,32,1010,1150
21/01/2026,108436,grain,Bajri,બાજરી,2,300,435
21/01/2026,108437,grain,Maize,મકાઇ,22,371,371
21/01/2026,108438,grain,Tuver,તુવેર,720,980,1620
21/01/2026,108439,grain,Gram Yellow,ચણા પીળા,500,940,1131
21/01/2026,108440,grain,Gram White,ચણા સફેદ,360,1075,1940
21/01/2026,108441,grain,Urad,અડદ,420,1005,1520
21/01/2026,108442,grain,Mung,મગ,300,1050,1800
21/01/2026,108443,grain,Val Deshi,વાલ દેશી,25,710,1100
21/01/2026,108444,grain,Choli,ચોળી,120,800,1150
21/01/2026,108445,grain,Math,મઠ,400,950,1981
21/01/2026,108446,grain,Peas,વટાણા,40,400,1380
21/01/2026,108447,grain,Kulthi,કળથી,13,405,405
21/01/2026,108448,grain,Rajma,રાજમા,40,300,1400
21/01/2026,108449,grain,Groundnut Big,મગફળી જાડી,0,1200,1450
21/01/2026,108450,grain,Groundnut Small,મગફળી જીણી,0,1220,1441
21/01/2026,108451,grain,Seasmum,તલી ,430,1644,2080
21/01/2026,108452,grain,Castor seed,એરંડા,180,1111,1241
21/01/2026,108453,grain,Soyabin,સોયાબીન,700,970,1028
21/01/2026,108454,grain,Groundnut-Fada,સીંગફાડા,1100,1000,1632
21/01/2026,108455,grain,Sesmum-Black,કાળા તલ ,200,3000,4805
21/01/2026,108456,grain,Garlic,લસણ,1400,1030,1680
21/01/2026,108457,grain,Corriander,ધાણા,140,1110,1891
21/01/2026,108458,grain,Chillies,મરચા સુકા ,130,2500,5400
21/01/2026,108459,grain,Dhani,ધાણી,80,1400,1980
21/01/2026,108460,grain,Variyali,વરીયાળી,3,1400,1700
21/01/2026,108461,grain,Cummin,જીરૂ,840,4050,4500
21/01/2026,108462,grain,Mustard,રાય,120,1085,1692
21/01/2026,108463,grain,Fenugreek,મેથી,240,700,1288
21/01/2026,108464,grain,kalonji,કલોંજી,5,4000,4640
21/01/2026,108465,grain,Mustard seed,રાયડો,40,1030,1266
21/01/2026,108466,grain,Guvar Bee,ગુવારનું બી,100,1000,1070
22/01/2026,108503,grain,Cotton B.T.,કપાસ બી.ટી.,2400,1380,1648
22/01/2026,108504,grain,Wheat Lokvan,ઘઉં લોકવન,110,509,535
22/01/2026,108505,grain,Wheat Tukda,ઘઉં ટુકડા,1280,513,585
22/01/2026,108506,grain,Jowar White,જુવાર સફેદ,150,938,1042
22/01/2026,108507,grain,Bajri,બાજરી,12,300,385
22/01/2026,108508,grain,Maize,મકાઇ,320,320,370
22/01/2026,108509,grain,Tuver,તુવેર,1100,980,1607
22/01/2026,108510,grain,Gram Yellow,ચણા પીળા,640,920,1125
22/01/2026,108511,grain,Gram White,ચણા સફેદ,520,1020,1950
22/01/2026,108512,grain,Urad,અડદ,320,990,1530
22/01/2026,108513,grain,Mung,મગ,480,1070,1900
22/01/2026,108514,grain,Val Deshi,વાલ દેશી,80,685,1127
22/01/2026,108515,grain,Choli,ચોળી,100,750,1110
22/01/2026,108516,grain,Math,મઠ,100,900,1962
22/01/2026,108517,grain,Peas,વટાણા,130,400,1300
22/01/2026,108518,grain,Kulthi,કળથી,27,405,925
22/01/2026,108519,grain,Rajma,રાજમા,30,300,1400
22/01/2026,108520,grain,Groundnut Big,મગફળી જાડી,0,1240,1500
22/01/2026,108521,grain,Groundnut Small,મગફળી જીણી,0,1230,1535
22/01/2026,108522,grain,Seasmum,તલી ,450,1630,2100
22/01/2026,108523,grain,Castor seed,એરંડા,150,1105,1240
22/01/2026,108524,grain,Thymol,અજમો,10,940,3085
22/01/2026,108525,grain,Soyabin,સોયાબીન,800,980,1034
22/01/2026,108526,grain,Groundnut-Fada,સીંગફાડા,1520,975,1628
22/01/2026,108527,grain,Sesmum-Black,કાળા તલ ,340,3131,5100
22/01/2026,108528,grain,Garlic,લસણ,1500,1040,1500
22/01/2026,108529,grain,Corriander,ધાણા,160,1370,2001
22/01/2026,108530,grain,Chillies,મરચા સુકા ,100,4000,5700
22/01/2026,108531,grain,Dhani,ધાણી,40,1430,2100
22/01/2026,108532,grain,Variyali,વરીયાળી,14,1161,1657
22/01/2026,108533,grain,Cummin,જીરૂ,800,4100,4605
22/01/2026,108534,grain,Mustard,રાય,140,1051,1731
22/01/2026,108535,grain,Fenugreek,મેથી,260,830,1305
22/01/2026,108536,grain,Isabgul,ઇસબગુલ,10,2224,2450
22/01/2026,108537,grain,Mustard seed,રાયડો,80,1000,1250
22/01/2026,108538,grain,Guvar Bee,ગુવારનું બી,60,1000,1100
23/01/2026,108575,grain,Cotton B.T.,કપાસ બી.ટી.,1900,1405,1625
23/01/2026,108576,grain,Wheat Lokvan,ઘઉં લોકવન,140,505,545
23/01/2026,108577,grain,Wheat Tukda,ઘઉં ટુકડા,1060,510,572
23/01/2026,108578,grain,Jowar White,જુવાર સફેદ,135,901,1051
23/01/2026,108579,grain,Jowar Red,જુવાર લાલ,10,1006,1125
23/01/2026,108580,grain,Bajri,બાજરી,30,322,410
23/01/2026,108581,grain,Tuver,તુવેર,1400,1000,1608
23/01/2026,108582,grain,Gram Yellow,ચણા પીળા,700,920,1111
23/01/2026,108583,grain,Gram White,ચણા સફેદ,500,1120,1905
23/01/2026,108584,grain,Urad,અડદ,520,1050,1600
23/01/2026,108585,grain,Mung,મગ,500,1140,2000
23/01/2026,108586,grain,Val Deshi,વાલ દેશી,60,650,1150
23/01/2026,108587,grain,Choli,ચોળી,30,888,1200
23/01/2026,108588,grain,Math,મઠ,240,1025,1866
23/01/2026,108589,grain,Peas,વટાણા,120,900,1290
23/01/2026,108590,grain,Kulthi,કળથી,130,423,471
23/01/2026,108591,grain,Rajma,રાજમા,16,700,1536
23/01/2026,108592,grain,Groundnut Big,મગફળી જાડી,8000,1190,1520
23/01/2026,108593,grain,Groundnut Small,મગફળી જીણી,6000,1210,1540
23/01/2026,108594,grain,Seasmum,તલી ,350,1650,2140
23/01/2026,108595,grain,Castor seed,એરંડા,185,1107,1245
23/01/2026,108596,grain,Thymol,અજમો,16,800,1700
23/01/2026,108597,grain,Dil Seed,સુવા,4,1000,1754
23/01/2026,108598,grain,Soyabin,સોયાબીન,960,950,1033
23/01/2026,108599,grain,Groundnut-Fada,સીંગફાડા,1400,1010,1641
23/01/2026,108600,grain,Sesmum-Black,કાળા તલ ,240,3000,4699
23/01/2026,108601,grain,Garlic,લસણ,0,1031,1440
23/01/2026,108602,grain,Corriander,ધાણા,60,1410,1800
23/01/2026,108603,grain,Chillies,મરચા સુકા ,80,4000,7200
23/01/2026,108604,grain,Dhani,ધાણી,100,1500,2230
23/01/2026,108605,grain,Variyali,વરીયાળી,60,1151,1730
23/01/2026,108606,grain,Cummin,જીરૂ,700,4125,4620
23/01/2026,108607,grain,Mustard,રાય,120,1210,1492
23/01/2026,108608,grain,Fenugreek,મેથી,200,730,1245
23/01/2026,108609,grain,Isabgul,ઇસબગુલ,16,1900,2236
23/01/2026,108610,grain,Asario,અશેરીયો,45,981,1145
23/01/2026,108611,grain,Mustard seed,રાયડો,100,1115,1245
24/01/2026,108648,grain,Cotton B.T.,કપાસ બી.ટી.,1800,1470,1625
24/01/2026,108649,grain,Wheat Lokvan,ઘઉં લોકવન,50,509,522
24/01/2026,108650,grain,Wheat Tukda,ઘઉં ટુકડા,550,510,572
24/01/2026,108651,grain,Jowar White,જુવાર સફેદ,25,980,1030
24/01/2026,108652,grain,Jowar Yellow,જુવાર પીળી ,4,350,450
24/01/2026,108653,grain,Bajri,બાજરી,80,300,360
24/01/2026,108654,grain,Tuver,તુવેર,1340,990,1600
24/01/2026,108655,grain,Gram Yellow,ચણા પીળા,440,900,1135
24/01/2026,108656,grain,Gram White,ચણા સફેદ,360,1060,1932
24/01/2026,108657,grain,Urad,અડદ,380,1040,1605
24/01/2026,108658,grain,Mung,મગ,300,1150,1800
24/01/2026,108659,grain,Val Deshi,વાલ દેશી,132,600,1140
24/01/2026,108660,grain,Choli,ચોળી,72,950,1528
24/01/2026,108661,grain,Math,મઠ,140,1030,1970
24/01/2026,108662,grain,Peas,વટાણા,80,400,1400
24/01/2026,108663,grain,Kulthi,કળથી,75,375,450
24/01/2026,108664,grain,Rajma,રાજમા,120,400,1607
24/01/2026,108665,grain,Groundnut Big,મગફળી જાડી,0,1250,1577
24/01/2026,108666,grain,Groundnut Small,મગફળી જીણી,0,1260,1568
24/01/2026,108667,grain,Seasmum,તલી ,800,1640,2080
24/01/2026,108668,grain,Castor seed,એરંડા,160,1111,1250
24/01/2026,108669,grain,Thymol,અજમો,32,800,2056
24/01/2026,108670,grain,Soyabin,સોયાબીન,340,900,1053
24/01/2026,108671,grain,Groundnut-Fada,સીંગફાડા,1080,1000,1644
24/01/2026,108672,grain,Sesmum-Black,કાળા તલ ,162,3000,4444
24/01/2026,108673,grain,Garlic,લસણ,1900,1050,1500
24/01/2026,108674,grain,Corriander,ધાણા,80,1711,2010
24/01/2026,108675,grain,Chillies,મરચા સુકા ,90,3500,5500
24/01/2026,108676,grain,Dhani,ધાણી,320,1800,2250
24/01/2026,108677,grain,Variyali,વરીયાળી,14,1100,1651
24/01/2026,108678,grain,Cummin,જીરૂ,720,4125,4600
24/01/2026,108679,grain,Mustard,રાય,60,1150,1600
24/01/2026,108680,grain,Fenugreek,મેથી,300,900,1361
24/01/2026,108681,grain,Mustard seed,રાયડો,100,1050,1250
26/01/2026,108682,veg,Lemon,લીંબુ,840,217,456
26/01/2026,108683,veg,Papaya,પપૈયા ,57,86,147
26/01/2026,108684,veg,Potato,બટેટા,3600,114,251
26/01/2026,108685,veg,Tometo,ટમેટા,987,302,514
26/01/2026,108686,veg,Elephant Foot,સુરણ,12,527,718
26/01/2026,108687,veg,Coriander(Leaves),કોથમરી,386,163,247
26/01/2026,108688,veg,Radish,મુળા,79,229,407
26/01/2026,108689,veg,Brinjal,રીંગણા,491,304,596
26/01/2026,108690,veg,Cabbage,કોબીજ,446,65,123
26/01/2026,108691,veg,Cauli Flower,ફલાવર,451,174,316
26/01/2026,108692,veg,Lady Fingure,ભીંડો,274,443,851
26/01/2026,108693,veg,Cluster Been,ગુવાર,263,1006,1892
26/01/2026,108694,veg,Choli Shing,ચોળાસીંગ,124,724,1103
26/01/2026,108695,veg,Valol,વાલોળ,156,247,516
26/01/2026,108696,veg,Little Gourd,ટીંડોળા ,67,611,1204
26/01/2026,108697,veg,Bottle Gourd,દુધી,336,176,302
26/01/2026,108698,veg,Bitter Gourd,કારેલા,402,697,987
26/01/2026,108699,veg,Sargavo,સરગવો,97,724,1117
26/01/2026,108700,veg,Ridge Gourd,તુરીયા,99,799,1002
26/01/2026,108701,veg,Pointed Gourd,પરવર,41,1603,2017
26/01/2026,108702,veg,Cacumber,કાકડી,153,246,734
26/01/2026,108703,veg,Carrut,ગાજર,307,167,243
26/01/2026,108704,veg,Vatana,વટાણા,195,334,509
26/01/2026,108705,veg,Tur Shing,તુવેરસીંગ,67,339,521
26/01/2026,108706,veg,Smooth Gourd,ગલકા,347,606,891
26/01/2026,108707,veg,Beet,બીટ,286,112,207
26/01/2026,108708,veg,Methi,મેથી,213,136,216
26/01/2026,108709,veg,Val,વાલ,98,447,623
26/01/2026,108710,veg,Spring Onion,ડુંગળી લીલી ,291,284,411
26/01/2026,108711,veg,Ginger,આદુ,357,1014,1232
26/01/2026,108712,veg,Gram Green,ચણા લીલા,352,104,326
26/01/2026,108713,veg,Chilli Green,મરચા લીલા,1205,436,614
26/01/2026,108714,veg,Turmeric Green,હળદર લીલી,49,517,722
26/01/2026,108715,veg,Green Garlic,લસણ લીલું ,51,541,906
26/01/2026,108716,veg,Green Corn,મકાઇ લીલી,365,191,323
27/01/2026,108752,grain,Cotton B.T.,કપાસ બી.ટી.,2500,1490,1638
27/01/2026,108753,grain,Wheat Lokvan,ઘઉં લોકવન,150,500,540
27/01/2026,108754,grain,Wheat Tukda,ઘઉં ટુકડા,1050,510,590
27/01/2026,108755,grain,Jowar White,જુવાર સફેદ,283,900,1116
27/01/2026,108756,grain,Bajri,બાજરી,40,330,526
27/01/2026,108757,grain,Maize,મકાઇ,65,275,400
27/01/2026,108758,grain,Tuver,તુવેર,2100,980,1660
27/01/2026,108759,grain,Gram Yellow,ચણા પીળા,800,930,1150
27/01/2026,108760,grain,Gram White,ચણા સફેદ,420,975,1850
27/01/2026,108761,grain,Urad,અડદ,600,1020,1500
27/01/2026,108762,grain,Mung,મગ,700,1000,1725
27/01/2026,108763,grain,Val Deshi,વાલ દેશી,95,700,1111
27/01/2026,108764,grain,Choli,ચોળી,160,740,1405
27/01/2026,108765,grain,Math,મઠ,65,855,1726
27/01/2026,108766,grain,Peas,વટાણા,80,300,1200
27/01/2026,108767,grain,Kulthi,કળથી,75,400,625
27/01/2026,108768,grain,Rajma,રાજમા,140,300,1540
27/01/2026,108769,grain,Groundnut Big,મગફળી જાડી,7600,1200,1610
27/01/2026,108770,grain,Groundnut Small,મગફળી જીણી,6000,1250,1730
27/01/2026,108771,grain,Seasmum,તલી ,500,1680,2121
27/01/2026,108772,grain,Castor seed,એરંડા,300,1105,1258
27/01/2026,108773,grain,Thymol,અજમો,2,1750,1900
27/01/2026,108774,grain,Soyabin,સોયાબીન,600,1020,1099
27/01/2026,108775,grain,Groundnut-Fada,સીંગફાડા,1800,1050,1670
27/01/2026,108776,grain,Sesmum-Black,કાળા તલ ,300,2950,4690
27/01/2026,108777,grain,Garlic,લસણ,900,1011,1525
27/01/2026,108778,grain,Corriander,ધાણા,140,1150,1700
27/01/2026,108779,grain,Chillies,મરચા સુકા ,120,3100,5400
27/01/2026,108780,grain,Dhani,ધાણી,340,1570,2120
27/01/2026,108781,grain,Variyali,વરીયાળી,6,1360,1625
27/01/2026,108782,grain,Cummin,જીરૂ,500,4051,4651
27/01/2026,108783,grain,Mustard,રાય,240,1050,1630
27/01/2026,108784,grain,Fenugreek,મેથી,500,780,1318
27/01/2026,108785,grain,Isabgul,ઇસબગુલ,16,1200,2170
27/01/2026,108786,grain,kalonji,કલોંજી,8,2300,4275
27/01/2026,108787,grain,Mustard seed,રાયડો,200,950,1250
28/01/2026,108824,grain,Cotton B.T.,કપાસ બી.ટી.,2300,1470,1620
28/01/2026,108825,grain,Wheat Lokvan,ઘઉં લોકવન,180,500,533
28/01/2026,108826,grain,Wheat Tukda,ઘઉં ટુકડા,840,525,590
28/01/2026,108827,grain,Jowar White,જુવાર સફેદ,368,895,1090
28/01/2026,108828,grain,Jowar Red,જુવાર લાલ,3,900,1070
28/01/2026,108829,grain,Bajri,બાજરી,32,362,400
28/01/2026,108830,grain,Maize,મકાઇ,20,320,380
28/01/2026,108831,grain,Tuver,તુવેર,1600,1000,1700
28/01/2026,108832,grain,Gram Yellow,ચણા પીળા,700,910,1130
28/01/2026,108833,grain,Gram White,ચણા સફેદ,300,1050,1900
28/01/2026,108834,grain,Urad,અડદ,360,1050,1700
28/01/2026,108835,grain,Mung,મગ,360,1080,1750
28/01/2026,108836,grain,Val Deshi,વાલ દેશી,16,601,1101
28/01/2026,108837,grain,Choli,ચોળી,44,800,1374
28/01/2026,108838,grain,Math,મઠ,220,1000,2032
28/01/2026,108839,grain,Peas,વટાણા,140,400,1600
28/01/2026,108840,grain,Rajma,રાજમા,40,500,1451
28/01/2026,108841,grain,Groundnut Big,મગફળી જાડી,0,1215,1600
28/01/2026,108842,grain,Groundnut Small,મગફળી જીણી,0,1240,1717
28/01/2026,108843,grain,Seasmum,તલી ,360,1650,2075
28/01/2026,108844,grain,Castor seed,એરંડા,250,1107,1245
28/01/2026,108845,grain,Thymol,અજમો,20,1900,2800
28/01/2026,108846,grain,Soyabin,સોયાબીન,840,1025,1100
28/01/2026,108847,grain,Groundnut-Fada,સીંગફાડા,780,1080,1730
28/01/2026,108848,grain,Sesmum-Black,કાળા તલ ,100,3150,4800
28/01/2026,108849,grain,Garlic,લસણ,780,1051,1550
28/01/2026,108850,grain,Corriander,ધાણા,120,1290,1995
28/01/2026,108851,grain,Chillies,મરચા સુકા ,110,2800,5600
28/01/2026,108852,grain,Dhani,ધાણી,320,1420,2250
28/01/2026,108853,grain,Variyali,વરીયાળી,10,1200,1863
28/01/2026,108854,grain,Cummin,જીરૂ,1000,4111,4660
28/01/2026,108855,grain,Mustard,રાય,180,1040,1711
28/01/2026,108856,grain,Fenugreek,મેથી,240,800,1300
28/01/2026,108857,grain,Isabgul,ઇસબગુલ,18,1800,2172
28/01/2026,108858,grain,Mustard seed,રાયડો,100,950,1260
28/01/2026,108859,grain,Rajkoo Bee,રજકાનું બી ,4,6000,7350
29/01/2026,108896,grain,Cotton B.T.,કપાસ બી.ટી.,2000,1450,1601
29/01/2026,108897,grain,Wheat Lokvan,ઘઉં લોકવન,240,500,540
29/01/2026,108898,grain,Wheat Tukda,ઘઉં ટુકડા,940,525,593
29/01/2026,108899,grain,Jowar White,જુવાર સફેદ,171,921,1093
29/01/2026,108900,grain,Bajri,બાજરી,34,345,375
29/01/2026,108901,grain,Maize,મકાઇ,10,270,340
29/01/2026,108902,grain,Tuver,તુવેર,2200,1050,1718
29/01/2026,108903,grain,Gram Yellow,ચણા પીળા,540,920,1125
29/01/2026,108904,grain,Gram White,ચણા સફેદ,400,1055,1899
29/01/2026,108905,grain,Urad,અડદ,640,1030,1710
29/01/2026,108906,grain,Mung,મગ,320,1090,1851
29/01/2026,108907,grain,Val Deshi,વાલ દેશી,63,850,1115
29/01/2026,108908,grain,Choli,ચોળી,66,800,1523
29/01/2026,108909,grain,Math,મઠ,250,1051,2038
29/01/2026,108910,grain,Peas,વટાણા,80,350,1350
29/01/2026,108911,grain,Kulthi,કળથી,90,342,475
29/01/2026,108912,grain,Rajma,રાજમા,14,300,1400
29/01/2026,108913,grain,Groundnut Big,મગફળી જાડી,8200,1230,1603
29/01/2026,108914,grain,Groundnut Small,મગફળી જીણી,6200,1250,1700
29/01/2026,108915,grain,Seasmum,તલી ,460,1566,2121
29/01/2026,108916,grain,Castor seed,એરંડા,200,1100,1241
29/01/2026,108917,grain,Thymol,અજમો,4,1100,2300
29/01/2026,108918,grain,Soyabin,સોયાબીન,900,1030,1132
29/01/2026,108919,grain,Groundnut-Fada,સીંગફાડા,1320,1074,1650
29/01/2026,108920,grain,Sesmum-Black,કાળા તલ ,140,2900,4900
29/01/2026,108921,grain,Garlic,લસણ,800,1025,1590
29/01/2026,108922,grain,Corriander,ધાણા,140,1200,2001
29/01/2026,108923,grain,Chillies,મરચા સુકા ,120,2900,5800
29/01/2026,108924,grain,Dhani,ધાણી,340,1500,2392
29/01/2026,108925,grain,Variyali,વરીયાળી,8,2050,2050
29/01/2026,108926,grain,Cummin,જીરૂ,1040,4050,4521
29/01/2026,108927,grain,Mustard,રાય,170,1150,1650
29/01/2026,108928,grain,Fenugreek,મેથી,400,800,1280
29/01/2026,108929,grain,Mustard seed,રાયડો,140,1000,1260
30/01/2026,108966,grain,Cotton B.T.,કપાસ બી.ટી.,2200,1440,1620
30/01/2026,108967,grain,Wheat Lokvan,ઘઉં લોકવન,80,505,525
30/01/2026,108968,grain,Wheat Tukda,ઘઉં ટુકડા,640,521,566
30/01/2026,108969,grain,Jowar White,જુવાર સફેદ,100,875,1080
30/01/2026,108970,grain,Bajri,બાજરી,50,335,389
30/01/2026,108971,grain,Tuver,તુવેર,2500,1060,1750
30/01/2026,108972,grain,Gram Yellow,ચણા પીળા,310,950,1135
30/01/2026,108973,grain,Gram White,ચણા સફેદ,340,1050,1934
30/01/2026,108974,grain,Urad,અડદ,420,1030,1740
30/01/2026,108975,grain,Mung,મગ,200,1050,1800
30/01/2026,108976,grain,Val Deshi,વાલ દેશી,74,750,1100
30/01/2026,108977,grain,Choli,ચોળી,100,700,1178
30/01/2026,108978,grain,Math,મઠ,300,1075,2105
30/01/2026,108979,grain,Peas,વટાણા,70,300,1350
30/01/2026,108980,grain,Rajma,રાજમા,140,350,1500
30/01/2026,108981,grain,Groundnut Big,મગફળી જાડી,0,1250,1606
30/01/2026,108982,grain,Groundnut Small,મગફળી જીણી,0,1225,1650
30/01/2026,108983,grain,Seasmum,તલી ,640,1600,2135
30/01/2026,108984,grain,Castor seed,એરંડા,180,1105,1250
30/01/2026,108985,grain,Thymol,અજમો,10,1100,1944
30/01/2026,108986,grain,Soyabin,સોયાબીન,1200,1048,1140
30/01/2026,108987,grain,Groundnut-Fada,સીંગફાડા,760,1050,1700
30/01/2026,108988,grain,Sesmum-Black,કાળા તલ ,100,3200,4900
30/01/2026,108989,grain,Garlic,લસણ,1000,1050,1600
30/01/2026,108990,grain,Corriander,ધાણા,120,1200,1850
30/01/2026,108991,grain,Chillies,મરચા સુકા ,140,2650,5400
30/01/2026,108992,grain,Dhani,ધાણી,280,1560,2424
30/01/2026,108993,grain,Variyali,વરીયાળી,30,1300,1940
30/01/2026,108994,grain,Cummin,જીરૂ,1200,4105,4550
30/01/2026,108995,grain,Mustard,રાય,200,1070,1544
30/01/2026,108996,grain,Fenugreek,મેથી,200,850,1305
30/01/2026,108997,grain,Mustard seed,રાયડો,160,1020,1266
